HRMETRIKA RECURSOS HUMANOS S.A.,5,2,4,True,
HRMETRIKA RECURSOS HUMANOS S.A.,5,7,9,True,
HRMETRIKA RECURSOS HUMANOS S.A.,5,2,9,False,
HRMETRIKA RECURSOS HUMANOS S.A.,5,7,4,False,
TORAPRO S.A.,20,2,9,False,*
TORAPRO S.A.,20,2,11,False,
TORAPRO S.A.,20,7,9,True,
ACO GROUP S.A.,15,0,2,True,
ACO GROUP S.A.,15,4,6,True,
ACO GROUP S.A.,15,0,6,False,
ACO GROUP S.A.,15,4,2,False,
ACO GROUP S.A.,15,0,13,False,
ACO GROUP S.A.,15,4,13,False,
AIMOGASTA SOLAR S.A.,7,4,6,True,
AIMOGASTA SOLAR S.A.,7,10,12,True,
AIMOGASTA SOLAR S.A.,7,14,16,True,
AIMOGASTA SOLAR S.A.,7,4,12,False,
AIMOGASTA SOLAR S.A.,7,4,16,False,
AIMOGASTA SOLAR S.A.,7,10,6,False,
AIMOGASTA SOLAR S.A.,7,10,16,False,
AIMOGASTA SOLAR S.A.,7,14,12,False,
BIENESTAR CONSTRUCTORA S.A.,9,0,2,True,
BIENESTAR CONSTRUCTORA S.A.,9,4,6,True,
BIENESTAR CONSTRUCTORA S.A.,9,0,6,False,
BIENESTAR CONSTRUCTORA S.A.,9,4,2,False,
HUMBOLDT 2324 S.A.,0,8,9,True,*
HUMBOLDT 2324 S.A.,0,36,39,True,
HUMBOLDT 2324 S.A.,0,8,39,False,
HUMBOLDT 2324 S.A.,0,36,9,False,
INVERSORA MITRE S.A.,9,0,2,True,
PARQUE EOLICO CERRO LA HORQUETA S.A.,16,5,7,True,
PARQUE EOLICO CERRO LA HORQUETA S.A.,16,9,11,True,
PARQUE EOLICO CERRO LA HORQUETA S.A.,16,5,11,False,
PARQUE EOLICO CERRO LA HORQUETA S.A.,16,9,7,False,
PURITY POLO S.A.,15,6,7,True,
PURITY POLO S.A.,15,10,11,True,
PURITY POLO S.A.,15,6,11,False,
PURITY POLO S.A.,15,10,7,False,
LIFE HEALTH S.A.,16,0,2,True,
LVS SONIDO S.A.,12,0,2,True,
LVS SONIDO S.A.,12,0,24,False,
UDOR ARGENTINA S.A.,19,0,2,True,
LUSASO S.A.,8,2,4,True,
LUSASO S.A.,8,8,10,True,
LUSASO S.A.,8,2,24,False,
LUSASO S.A.,8,8,24,False,
LUSASO S.A.,8,2,10,False,
LUSASO S.A.,8,8,4,False,
SIGMA 3 INGENIERIA S.A.,7,0,2,True,
SIGMA 3 INGENIERIA S.A.,7,4,6,True,
SIGMA 3 INGENIERIA S.A.,7,0,6,False,
SIGMA 3 INGENIERIA S.A.,7,4,2,False,
YO EMPRENDIMIENTOS S.A.,13,2,4,True,
YO EMPRENDIMIENTOS S.A.,13,6,8,True,
YO EMPRENDIMIENTOS S.A.,13,2,8,False,
YO EMPRENDIMIENTOS S.A.,13,6,4,False,
ADV 1703 S.A.,8,15,17,True,
ADV 1703 S.A.,8,19,21,True,
ADV 1703 S.A.,8,15,21,False,
ADV 1703 S.A.,8,19,17,False,
SEA MARSHALL S.A.,6,11,13,True,
SEA MARSHALL S.A.,6,15,17,True,
SEA MARSHALL S.A.,6,11,17,False,
SEA MARSHALL S.A.,6,15,13,False,
SYBAC SOLAR VIII S.A.,18,6,8,True,*
SYBAC SOLAR VIII S.A.,18,10,12,True,
SYBAC SOLAR VIII S.A.,18,6,12,False,
SYBAC SOLAR VIII S.A.,18,10,8,False,
SYBAC SOLAR VIII S.A.,18,4,8,True,
SYBAC SOLAR VIII S.A.,18,4,12,False,
FOUR EVER S.A.,5,78,80,True,
FOUR EVER S.A.,5,94,96,True,
FOUR EVER S.A.,5,78,96,False,
FOUR EVER S.A.,5,94,80,False,
FOUR EVER S.A.,5,45,67,False,
FOUR EVER S.A.,5,45,80,False,
IC POWER ARGENTINA II S.A.,11,2,4,True,
IC POWER ARGENTINA II S.A.,11,14,16,True,
IC POWER ARGENTINA II S.A.,11,18,20,True,
IC POWER ARGENTINA II S.A.,11,2,16,False,
IC POWER ARGENTINA II S.A.,11,14,4,False,
IC POWER ARGENTINA II S.A.,11,18,4,False,
IC POWER ARGENTINA II S.A.,11,14,20,False,
IC POWER ARGENTINA II S.A.,11,18,16,False,
OPERADORES ONLINE S.A.,6,256,258,True,
OPERADORES ONLINE S.A.,6,260,262,True,
OPERADORES ONLINE S.A.,6,256,262,False,
OPERADORES ONLINE S.A.,6,260,258,False,
HUSTON MANAGEMENT S.A.,5,0,2,True,
EL GRAN CORRALON S.A.,8,2,3,True,
EL GRAN CORRALON S.A.,8,5,6,True,
EL GRAN CORRALON S.A.,8,2,6,False,
EL GRAN CORRALON S.A.,8,5,3,False,
CAMARGO 135 S.A.,9,12,14,True,*
CAMARGO 135 S.A.,9,15,17,True,
CAMARGO 135 S.A.,9,15,19,True,
CAMARGO 135 S.A.,9,21,23,True,
CAMARGO 135 S.A.,9,12,17,False,
CAMARGO 135 S.A.,9,15,14,False,
CAMARGO 135 S.A.,9,21,19,False,
CAMARGO 135 S.A.,9,21,17,False,
KALPICO S.A.,9,5,7,True,
KALPICO S.A.,9,9,11,True,
KALPICO S.A.,9,5,11,False,
KALPICO S.A.,9,9,7,False,
LATAM PARTS S.A.,13,2,4,True,
LATAM PARTS S.A.,13,6,8,True,
LATAM PARTS S.A.,13,2,8,False,
LATAM PARTS S.A.,13,6,4,False,
VALTEO S.A.,15,2,4,True,
VALTEO S.A.,15,6,8,True,
VALTEO S.A.,15,2,8,False,
VALTEO S.A.,15,4,4,False,
TALUA FILO PRODUCCIONES S.A.,25,0,2,True,
TALUA FILO PRODUCCIONES S.A.,25,5,7,True,
TALUA FILO PRODUCCIONES S.A.,25,10,12,True,
TALUA FILO PRODUCCIONES S.A.,25,0,7,False,
TALUA FILO PRODUCCIONES S.A.,25,0,12,False,
TALUA FILO PRODUCCIONES S.A.,25,5,2,False,
TALUA FILO PRODUCCIONES S.A.,25,5,12,False,
TALUA FILO PRODUCCIONES S.A.,25,10,2,False,
TALUA FILO PRODUCCIONES S.A.,25,10,7,False,
COMPAÑIA INVERSORA ZCOM S.A.,7,12,13,True,
COMPAÑIA INVERSORA ZCOM S.A.,7,15,16,True,
COMPAÑIA INVERSORA ZCOM S.A.,7,12,16,False,
COMPAÑIA INVERSORA ZCOM S.A.,7,15,13,False,
COMPAÑIA INVERSORA ZCOM S.A.,7,7,13,False,
COMPAÑIA INVERSORA ZCOM S.A.,7,7,16,False,
CENTRO BOLOGNA S.A.,7,2,4,True,
CENTRO BOLOGNA S.A.,7,6,8,True,
CENTRO BOLOGNA S.A.,7,2,8,False,
CENTRO BOLOGNA S.A.,7,6,4,False,
AEREAL DRONE STUDIOS (ADS) S.A.,8,49,51,True,
AEREAL DRONE STUDIOS (ADS) S.A.,8,53,55,True,
AEREAL DRONE STUDIOS (ADS) S.A.,8,35,51,False,
AEREAL DRONE STUDIOS (ADS) S.A.,8,35,55,False,
AEREAL DRONE STUDIOS (ADS) S.A.,8,49,55,False,
AEREAL DRONE STUDIOS (ADS) S.A.,8,53,51,False,
RAINBOW PRODUCCIONES S.A.,12,4,3,True,*
RAINBOW PRODUCCIONES S.A.,12,6,5,True,
RAINBOW PRODUCCIONES S.A.,12,4,5,False,
RAINBOW PRODUCCIONES S.A.,12,6,3,False,
LOS AMPAROS S.A.,0,3,5,True,*
LOS AMPAROS S.A.,0,3,15,True,
CONSULTORA DE ASESORAMIENTO DE COBRANZA S.A.,7,4,6,True,
CONSULTORA DE ASESORAMIENTO DE COBRANZA S.A.,7,8,10,True,
CONSULTORA DE ASESORAMIENTO DE COBRANZA S.A.,7,4,10,False,
CONSULTORA DE ASESORAMIENTO DE COBRANZA S.A.,7,8,6,False,
LOTES DE MONTEVERDE S.A.,5,8,10,True,
LOTES DE MONTEVERDE S.A.,5,12,14,True,
LOTES DE MONTEVERDE S.A.,5,8,14,False,
LOTES DE MONTEVERDE S.A.,5,12,10,False,
SAAS GESTION ONLINE S.A.,15,0,2,True,
SAAS GESTION ONLINE S.A.,15,0,4,True,*
GU ARGENTINA S.A.,16,0,2,True,
GU ARGENTINA S.A.,16,0,8,False,
SEGURECIO CIA S.A.,9,2,3,True,
SEGURECIO CIA S.A.,9,5,6,True,
SEGURECIO CIA S.A.,9,2,6,False,
SEGURECIO CIA S.A.,9,5,3,False,
GLOBOCEAN S.A.,6,47,49,True,
GLOBOCEAN S.A.,6,52,54,True,
GLOBOCEAN S.A.,6,47,54,False,
GLOBOCEAN S.A.,6,52,49,False,
COSTA MADERO S.A.,13,0,2,True,
ESPERANTE S.A.,16,0,2,True,
ESPERANTE S.A.,16,0,14,False,
BRAGADA S.A.,4,63,65,True,
BRAGADA S.A.,4,67,69,True,
BRAGADA S.A.,4,63,69,False,
BRAGADA S.A.,4,67,65,False,
VITANET S.A.,5,0,2,True,
VITANET S.A.,5,4,6,True,
VITANET S.A.,5,4,2,False,
VITANET S.A.,5,0,6,False,
TOODLES S.A.,7,0,2,True,
TOODLES S.A.,7,3,5,True,
TOODLES S.A.,7,0,5,False,
TOODLES S.A.,7,3,2,False,
PUBLIREDES S.A.,18,0,2,True,
N&G BLANQUERIA S.A.,7,2,4,True,
N&G BLANQUERIA S.A.,7,6,8,True,
N&G BLANQUERIA S.A.,7,2,8,False,
N&G BLANQUERIA S.A.,7,6,4,False,
ADN PRODUCCIONES S.A.,4,0,2,True,
ADN PRODUCCIONES S.A.,4,4,5,True,
ADN PRODUCCIONES S.A.,4,0,5,False,
ADN PRODUCCIONES S.A.,4,4,2,False,
LOGSHIP S.A.,18,0,2,True,
LOGSHIP S.A.,18,4,6,True,
LOGSHIP S.A.,18,0,6,False,
LOGSHIP S.A.,18,4,2,False,
MANAL STORE S.A.,9,0,2,True,
MANAL STORE S.A.,9,4,6,True,
MANAL STORE S.A.,9,0,6,False,
MANAL STORE S.A.,9,4,2,False,
PUBLICCARD S.A.,8,2,3,True,
PUBLICCARD S.A.,8,5,6,True,
PUBLICCARD S.A.,8,2,6,False,
PUBLICCARD S.A.,8,5,3,False,
NANEZ S.A.,20,4,6,True,
NANEZ S.A.,20,8,6,False,
NANEZ S.A.,20,4,10,False,
NANEZ S.A.,20,8,10,True,
AUREDUR S.A.,8,0,1,True,
AUREDUR S.A.,8,2,1,False,
AUREDUR S.A.,8,0,3,False,
AUREDUR S.A.,8,2,3,True,
MALAND S.A.,14,2,4,True,
MALAND S.A.,14,6,4,False,
MALAND S.A.,14,2,8,False,
MALAND S.A.,14,6,8,True,
LAKY S.A.,14,1,3,True,
ALFA ACE MEDICAL GROUP S.A.,8,0,2,True,
ALFA ACE MEDICAL GROUP S.A.,8,4,2,False,
UNDECIM S.A.,8,2,4,True,
UNDECIM S.A.,8,7,4,False,
UNDECIM S.A.,8,2,9,False,
UNDECIM S.A.,8,7,9,True,
BELLUS S.A.,8,4,8,True,
BELLUS S.A.,8,6,8,True,
BELLUS S.A.,8,11,8,False,
BELLUS S.A.,8,4,13,False,
BELLUS S.A.,8,6,13,False,
BELLUS S.A.,8,11,13,True,
GENNEIA VIENTOS ARGENTINOS S.A.,13,4,6,True,
GENNEIA VIENTOS ARGENTINOS S.A.,13,13,6,False,
GENNEIA VIENTOS ARGENTINOS S.A.,13,4,8,True,
GENNEIA VIENTOS ARGENTINOS S.A.,13,13,8,False,
GENNEIA VIENTOS ARGENTINOS S.A.,13,4,11,True,
GENNEIA VIENTOS ARGENTINOS S.A.,13,13,11,False,
GENNEIA VIENTOS ARGENTINOS S.A.,13,4,15,False,
GENNEIA VIENTOS ARGENTINOS S.A.,13,13,15,True,
GENNEIA VIENTOS ARGENTINOS S.A.,13,4,17,False,
GENNEIA VIENTOS ARGENTINOS S.A.,13,13,17,True,
GENNEIA VIENTOS ARGENTINOS S.A.,13,4,20,False,
GENNEIA VIENTOS ARGENTINOS S.A.,13,13,20,True,
PARTNERS GASTRONOMICOS S.A.,12,0,2,True,
DELTA MARINA NAUTICA S.A.,8,11,13,True,
DELTA MARINA NAUTICA S.A.,8,15,13,False,
DELTA MARINA NAUTICA S.A.,8,24,13,False,
DELTA MARINA NAUTICA S.A.,8,11,17,False,
DELTA MARINA NAUTICA S.A.,8,15,17,True,
DELTA MARINA NAUTICA S.A.,8,24,17,False,
DELTA MARINA NAUTICA S.A.,8,11,19,False,
DELTA MARINA NAUTICA S.A.,8,15,19,True,
DELTA MARINA NAUTICA S.A.,8,24,19,False,
DELTA MARINA NAUTICA S.A.,8,11,26,False,
DELTA MARINA NAUTICA S.A.,8,15,26,False,
DELTA MARINA NAUTICA S.A.,8,24,26,True,
C.A.I. CONTROL DE ADMINISTRACION INTEGRAL S.A.,14,2,4,True,
C.A.I. CONTROL DE ADMINISTRACION INTEGRAL S.A.,14,8,4,False,
C.A.I. CONTROL DE ADMINISTRACION INTEGRAL S.A.,14,2,10,False,
C.A.I. CONTROL DE ADMINISTRACION INTEGRAL S.A.,14,8,10,True,
ELQUBO S.A.,10,12,14,True,
ELQUBO S.A.,10,16,14,False,
ELQUBO S.A.,10,12,18,False,
ELQUBO S.A.,10,16,18,True,
SMOKE HOUSE S.A.,19,0,2,True,
SMOKE HOUSE S.A.,19,4,2,False,
SMOKE HOUSE S.A.,19,0,6,False,
SMOKE HOUSE S.A.,19,4,6,True,
AGROGANADERA WS S.A.,11,0,2,True,
LOGISTICA FLORESTA S.A.,10,5,6,True,
LOGISTICA FLORESTA S.A.,10,8,6,False,
LOGISTICA FLORESTA S.A.,10,5,9,False,
LOGISTICA FLORESTA S.A.,10,8,9,True,
INFO COBRANZAS S.A.,12,2,4,True,
INFO COBRANZAS S.A.,12,6,4,False,
INFO COBRANZAS S.A.,12,2,8,False,
INFO COBRANZAS S.A.,12,6,8,True,
LARMAT S.A.,8,4,6,True,
LARMAT S.A.,8,8,6,False,
LARMAT S.A.,8,4,10,False,
LARMAT S.A.,8,8,10,True,
ANTIGUA PRODUCTORA DE CINE MUSICA Y OTRAS ARTES S.A.,11,0,2,True,
DRAGADOS ROMINA S.A.,11,0,2,True,
DRAGADOS ROMINA S.A.,11,4,2,False,
DRAGADOS ROMINA S.A.,11,0,6,False,
DRAGADOS ROMINA S.A.,11,4,6,True,
CAUCHARI SOLAR III S.A.,6,8,9,True,
CAUCHARI SOLAR III S.A.,6,11,9,False,
CAUCHARI SOLAR III S.A.,6,14,9,False,
CAUCHARI SOLAR III S.A.,6,23,9,False,
CAUCHARI SOLAR III S.A.,6,8,13,False,
CAUCHARI SOLAR III S.A.,6,11,13,True,
CAUCHARI SOLAR III S.A.,6,14,13,False,
CAUCHARI SOLAR III S.A.,6,23,13,False,
CAUCHARI SOLAR III S.A.,6,8,15,False,
CAUCHARI SOLAR III S.A.,6,11,15,False,
CAUCHARI SOLAR III S.A.,6,14,15,True,
CAUCHARI SOLAR III S.A.,6,23,15,False,
CAUCHARI SOLAR III S.A.,6,8,21,False,
CAUCHARI SOLAR III S.A.,6,11,21,False,
CAUCHARI SOLAR III S.A.,6,14,21,False,
CAUCHARI SOLAR III S.A.,6,23,21,False,
CAUCHARI SOLAR III S.A.,6,8,25,False,
CAUCHARI SOLAR III S.A.,6,11,25,False,
CAUCHARI SOLAR III S.A.,6,14,25,False,
CAUCHARI SOLAR III S.A.,6,23,25,True,
CAUCHARI SOLAR III S.A.,6,8,29,False,
CAUCHARI SOLAR III S.A.,6,11,29,False,
CAUCHARI SOLAR III S.A.,6,14,29,False,
CAUCHARI SOLAR III S.A.,6,23,29,True,
ELECTROGREEN S.A.,16,2,7,True,
ELECTROGREEN S.A.,16,5,7,True,
ELECTROGREEN S.A.,16,9,7,False,
ELECTROGREEN S.A.,16,2,1,False,
ELECTROGREEN S.A.,16,5,1,False,
ELECTROGREEN S.A.,16,9,1,True,
LINIZIO S.A.,10,0,2,True,
LINIZIO S.A.,10,4,2,False,
LINIZIO S.A.,10,0,6,False,
LINIZIO S.A.,10,4,6,True,
DJLA Y CIA S.A.,14,0,2,True,
DJLA Y CIA S.A.,14,5,2,False,
DJLA Y CIA S.A.,14,0,7,False,
DJLA Y CIA S.A.,14,5,7,True,
ON GRID INFRAESTRUCTURE SERVICES S.A.,13,2,4,True,
ON GRID INFRAESTRUCTURE SERVICES S.A.,13,6,4,False,
ON GRID INFRAESTRUCTURE SERVICES S.A.,13,2,8,False,
ON GRID INFRAESTRUCTURE SERVICES S.A.,13,6,8,True,
VIENTOS LA GENOVEVA S.A.,12,0,2,True,
SERVICIOS ROCHA S.A.,18,3,5,True,
SERVICIOS ROCHA S.A.,18,7,5,False,
SERVICIOS ROCHA S.A.,18,3,9,False,
SERVICIOS ROCHA S.A.,18,7,9,True,
SYBAC SOLAR III S.A.,17,4,8,True,
SYBAC SOLAR III S.A.,17,6,8,True,
SYBAC SOLAR III S.A.,17,10,8,False,
SYBAC SOLAR III S.A.,17,4,12,False,
SYBAC SOLAR III S.A.,17,6,12,False,
SYBAC SOLAR III S.A.,17,10,12,True,
BULLRECO S.A.,3,4,6,True,
BULLRECO S.A.,3,8,6,False,
BULLRECO S.A.,3,4,10,False,
BULLRECO S.A.,3,8,10,True,
PROVIATEL S.A.,6,0,2,True,
CUIDANDO PERSONAS S.A.,3,141,143,True,
CUIDANDO PERSONAS S.A.,3,145,143,False,
CUIDANDO PERSONAS S.A.,3,141,147,False,
CUIDANDO PERSONAS S.A.,3,145,147,True,
CUIDANDO PERSONAS S.A.,3,141,154,False,
CUIDANDO PERSONAS S.A.,3,145,154,False,
MM SOLUCIONES TEXTILES S.A.,13,0,1,True,
MM SOLUCIONES TEXTILES S.A.,13,3,1,False,
COVIARSA S.A.,1,95,97,True,
COVIARSA S.A.,1,98,97,False,
COVIARSA S.A.,1,95,100,False,
COVIARSA S.A.,1,98,100,True,
SANUDO S.A.,5,4,6,True,
SANUDO S.A.,5,8,6,False,
SANUDO S.A.,5,4,10,False,
SANUDO S.A.,5,8,10,True,
GOLDENPEAKS LAT S.A.,13,2,4,True,
GOLDENPEAKS LAT S.A.,13,6,4,False,
GOLDENPEAKS LAT S.A.,13,2,8,False,
GOLDENPEAKS LAT S.A.,13,6,8,True,
CREDITCALL S.A.,10,0,2,True,
CREDITCALL S.A.,10,4,2,False,
CREDITCALL S.A.,10,0,6,False,
CREDITCALL S.A.,10,4,6,True,
RINCON DE TALAS S.A.,21,0,2,True,
WOODHARD S.A.,3,84,70,False,
WOODHARD S.A.,3,88,70,False,
WOODHARD S.A.,3,84,74,True,
WOODHARD S.A.,3,88,74,False,
WOODHARD S.A.,3,84,90,False,
WOODHARD S.A.,3,88,90,True,
HAUSPAR S.A.,6,2,4,True,
HAUSPAR S.A.,6,6,4,False,
HAUSPAR S.A.,6,2,8,False,
HAUSPAR S.A.,6,6,8,True,
HAUSPAR S.A.,6,2,17,False,
HAUSPAR S.A.,6,6,17,False,
QUIDEM VENTURES S.A.,11,1,8,False,
ULOG ARGENTINA S.A.,9,21,14,False,
ULOG ARGENTINA S.A.,9,35,14,False,
ULOG ARGENTINA S.A.,9,12,23,False,
ULOG ARGENTINA S.A.,9,35,23,False,
ULOG ARGENTINA S.A.,9,12,30,False,
ULOG ARGENTINA S.A.,9,21,30,False,
ULOG ARGENTINA S.A.,9,35,30,False,
ULOG ARGENTINA S.A.,9,10,37,False,
ULOG ARGENTINA S.A.,9,12,37,False,
ULOG ARGENTINA S.A.,9,21,37,False,
BAZAR GROUP S.A.,5,65,68,True,
BAZAR GROUP S.A.,5,70,68,False,
BAZAR GROUP S.A.,5,65,73,False,
BAZAR GROUP S.A.,5,70,73,True,
RONXIS S.A.,6,0,2,True,
LOS TERRUÑOS S.A.,19,0,2,True,
LOS TERRUÑOS S.A.,19,0,4,True,
GENNEIA VIENTOS DEL SUR S.A.,13,4,6,True,
GENNEIA VIENTOS DEL SUR S.A.,13,13,6,False,
GENNEIA VIENTOS DEL SUR S.A.,13,4,8,True,
GENNEIA VIENTOS DEL SUR S.A.,13,13,8,False,
GENNEIA VIENTOS DEL SUR S.A.,13,4,11,True,
GENNEIA VIENTOS DEL SUR S.A.,13,13,11,False,
GENNEIA VIENTOS DEL SUR S.A.,13,4,15,False,
GENNEIA VIENTOS DEL SUR S.A.,13,13,15,True,
GENNEIA VIENTOS DEL SUR S.A.,13,4,17,False,
GENNEIA VIENTOS DEL SUR S.A.,13,13,17,True,
GENNEIA VIENTOS DEL SUR S.A.,13,4,20,False,
GENNEIA VIENTOS DEL SUR S.A.,13,13,20,True,
GUALUMAX S.A.,12,10,12,True,
GUALUMAX S.A.,12,14,12,False,
GUALUMAX S.A.,12,10,16,False,
GUALUMAX S.A.,12,14,16,True,
JJ&N S.A.,16,15,17,True 
JJ&N S.A.,16,19,17,False
JJ&N S.A.,16,15,21,False
JJ&N S.A.,16,19,21,True
DIAZUBEL S.A.,8,4,6,True
DIAZUBEL S.A.,8,8,6,False
DIAZUBEL S.A.,8,4,10,False
DIAZUBEL S.A.,8,8,10,True
GT500 S.A.,2,0,2,True
GT500 S.A.,2,4,2,False
GT500 S.A.,2,0,6,False
GT500 S.A.,2,4,6,True
OSTIC GROUP S.A.,9,2,4,True
OSTIC GROUP S.A.,9,8,4,False
OSTIC GROUP S.A.,9,2,10,False
OSTIC GROUP S.A.,9,8,10,True
PATRICIOS 42 S.A.,4,6,0,False
PATRICIOS 42 S.A.,4,6,8,True
SUDAM GRAPH S.A.,7,2,4,True
SUDAM GRAPH S.A.,7,7,4,False
SUDAM GRAPH S.A.,7,2,9,False
SUDAM GRAPH S.A.,7,7,9,True
DISTRIBUIDORA DEL MONACO S.A.,11,4,2,False
DISTRIBUIDORA DEL MONACO S.A.,11,4,6,True
CABOTELES S.A.,13,0,2,True
CABOTELES S.A.,13,4,2,False
CABOTELES S.A.,13,0,6,False
CABOTELES S.A.,13,4,6,True
MAGISTRALPHARM S.A.,12,1,0,True
MAGISTRALPHARM S.A.,12,5,0,False
MAGISTRALPHARM S.A.,12,1,3,False
MAGISTRALPHARM S.A.,12,5,3,True
INZENIR S.A.,17,2,3,True
INZENIR S.A.,17,5,3,False
INZENIR S.A.,17,2,6,False
INZENIR S.A.,17,5,6,True
ASESOR BURSATIL S.A.,8,2,4,True
ASESOR BURSATIL S.A.,8,6,4,False
ASESOR BURSATIL S.A.,8,2,8,False
ASESOR BURSATIL S.A.,8,6,8,True
CHIARO OSCURO ENTERTAINMENT S.A.,17,0,2,True
MAIOR HOLLYWOOD S.A.,18,0,2,True
ENERGY DRIVEN INVERSORA DE MEXICO S.A.,13,0,2,True
FOELLZ S.A.,10,0,2,True
HUMANO FILMS S.A.,4,0,2,True
URBAN TECHNOLOGIES S.A.,2,0,2,True
BAZAR MAI S.A.,14,0,2,True
JAM AUTOMOVILES S.A.,13,0,2,True
JAM AUTOMOVILES S.A.,13,4,2,False
JAM AUTOMOVILES S.A.,13,0,6,False
JAM AUTOMOVILES S.A.,13,4,6,True
SOLARTIA S.A.,9,0,2,True
DYNAD SERVICES LTD S.A.,13,0,2,True
DYNAD SERVICES LTD S.A.,13,4,2,False
DYNAD SERVICES LTD S.A.,13,0,6,False
DYNAD SERVICES LTD S.A.,13,4,6,True
BUPA S.A.,17,0,2,True
CORPORACION DE CREDITO S.A.,6,2,4,True
CORPORACION DE CREDITO S.A.,6,7,4,False
CORPORACION DE CREDITO S.A.,6,2,10,False
CORPORACION DE CREDITO S.A.,6,7,10,True
QUILMES AL SUR S.A.,12,0,2,True
HASH & CO S.A.,5,19,21,True
HASH & CO S.A.,5,24,21,False
HASH & CO S.A.,5,19,26,False
HASH & CO S.A.,5,24,26,True
FLUVIP S.A.,10,2,4,True
FLUVIP S.A.,10,6,4,False
FLUVIP S.A.,10,2,8,False
FLUVIP S.A.,10,6,8,True
QUIEN Y CUAL S.A.,2,82,84,True
QUIEN Y CUAL S.A.,2,86,84,False
QUIEN Y CUAL S.A.,2,92,84,False
QUIEN Y CUAL S.A.,2,98,84,False
QUIEN Y CUAL S.A.,2,82,88,False
QUIEN Y CUAL S.A.,2,86,88,True
QUIEN Y CUAL S.A.,2,92,88,False
QUIEN Y CUAL S.A.,2,98,88,False
QUIEN Y CUAL S.A.,2,82,94,False
QUIEN Y CUAL S.A.,2,86,94,False
QUIEN Y CUAL S.A.,2,92,94,True
QUIEN Y CUAL S.A.,2,98,94,False
QUIEN Y CUAL S.A.,2,82,100,False
QUIEN Y CUAL S.A.,2,86,100,False
QUIEN Y CUAL S.A.,2,92,100,False
QUIEN Y CUAL S.A.,2,98,100,True
SYBAC SOLAR II S.A.,18,4,8,True
SYBAC SOLAR II S.A.,18,6,8,True
SYBAC SOLAR II S.A.,18,10,8,False
SYBAC SOLAR II S.A.,18,4,12,False
SYBAC SOLAR II S.A.,18,6,12,False
SYBAC SOLAR II S.A.,18,10,12,True
CAUCHARI SOLAR II S.A.,6,8,9,True
CAUCHARI SOLAR II S.A.,6,11,9,False
CAUCHARI SOLAR II S.A.,6,14,9,False
CAUCHARI SOLAR II S.A.,6,23,9,False
CAUCHARI SOLAR II S.A.,6,8,13,False
CAUCHARI SOLAR II S.A.,6,11,13,True
CAUCHARI SOLAR II S.A.,6,14,13,False
CAUCHARI SOLAR II S.A.,6,23,13,False
CAUCHARI SOLAR II S.A.,6,8,15,False
CAUCHARI SOLAR II S.A.,6,11,15,False
CAUCHARI SOLAR II S.A.,6,14,15,True
CAUCHARI SOLAR II S.A.,6,23,15,False
CAUCHARI SOLAR II S.A.,6,8,21,False
CAUCHARI SOLAR II S.A.,6,11,21,False
CAUCHARI SOLAR II S.A.,6,14,21,False
CAUCHARI SOLAR II S.A.,6,23,21,False
CAUCHARI SOLAR II S.A.,6,8,25,False
CAUCHARI SOLAR II S.A.,6,11,25,False
CAUCHARI SOLAR II S.A.,6,14,25,False
CAUCHARI SOLAR II S.A.,6,23,25,True
CAUCHARI SOLAR II S.A.,6,8,29,False
CAUCHARI SOLAR II S.A.,6,11,29,False
CAUCHARI SOLAR II S.A.,6,14,29,False
CAUCHARI SOLAR II S.A.,6,23,29,True
FONTELCO S.A.,9,19,21,True
FONTELCO S.A.,9,24,21,False
FONTELCO S.A.,9,19,26,False
FONTELCO S.A.,9,24,26,False
CYSE S.A.,14,4,2,False
CYSE S.A.,14,4,6,True
LATINOAMERICANA DE ENERGIAS RENOVABLES S.A.,6,3,5,True
LATINOAMERICANA DE ENERGIAS RENOVABLES S.A.,6,7,5,False
LATINOAMERICANA DE ENERGIAS RENOVABLES S.A.,6,3,9,False
LATINOAMERICANA DE ENERGIAS RENOVABLES S.A.,6,7,9,True
MAJDALANI INOX S.A.,6,6,7,True
MAJDALANI INOX S.A.,6,9,7,False
MAJDALANI INOX S.A.,6,6,10,False
MAJDALANI INOX S.A.,6,9,10,True
LILED S.A.,15,0,7,False
LILED S.A.,15,5,7,True
ARGENTRAILER S.A.,6,92,98,True
ARGENTRAILER S.A.,6,100,98,False
ARGENTRAILER S.A.,6,92,102,False
ARGENTRAILER S.A.,6,100,102,True
EMPRENDIMIENTO SABRA S.A.,0,73,8,False
EMPRENDIMIENTO SABRA S.A.,0,75,8,True
EMPRENDIMIENTO SABRA S.A.,0,73,74,True 
EMPRENDIMIENTO SABRA S.A.,0,75,74,False
CIRON S.A.,3,12,14,True
CIRON S.A.,3,16,14,False
CIRON S.A.,3,20,14,False
CIRON S.A.,3,12,18,False
CIRON S.A.,3,16,18,True
CIRON S.A.,3,20,18,False
CIRON S.A.,3,12,22,False
CIRON S.A.,3,16,22,False
CIRON S.A.,3,20,22,True
SOMIWE S.A.,6,2,4,True
SOMIWE S.A.,6,27,4,False
SOMIWE S.A.,6,2,10,False
SOMIWE S.A.,6,27,10,False
SOMIWE S.A.,6,2,29,False
SOMIWE S.A.,6,27,29,True
SOLUZIONI S.A.,4,4,6,True
SOLUZIONI S.A.,4,8,6,False
SOLUZIONI S.A.,4,28,6,False
SOLUZIONI S.A.,4,4,10,False
SOLUZIONI S.A.,4,8,10,True
SOLUZIONI S.A.,4,28,10,False
MAIN FINANCIAL S.A.,14,0,2,True
PRILLY S.A.,0,115,2,True,,
PRILLY S.A.,0,117,2,False,,
PRILLY S.A.,0,115,10,False,,
PRILLY S.A.,0,117,10,True,,
LA PARRILLA S.A.,20,2,4,True,,
LA PARRILLA S.A.,20,6,4,False,,
LA PARRILLA S.A.,20,2,8,False,,
LA PARRILLA S.A.,20,6,8,True,,
ARGENTINA SPECIALITY COFFE S.A.,9,8,10,True,,
ARGENTINA SPECIALITY COFFE S.A.,9,11,10,False,,
ARGENTINA SPECIALITY COFFE S.A.,9,8,12,False,,
ARGENTINA SPECIALITY COFFE S.A.,9,11,12,True,,
BUENAS S.A.,11,6,8,True,,
BUENAS S.A.,11,10,8,False,,
BUENAS S.A.,11,6,12,False,,
BUENAS S.A.,11,10,12,True,,
GREENPAPER S.A.,6,102,104,True,,
GREENPAPER S.A.,6,106,104,False,,
GREENPAPER S.A.,6,102,108,False,,
GREENPAPER S.A.,6,106,108,True,,
PROYECTO ACEVEDO S.A.,18,0,2,True,,
GUIVEL COALS S.A.,7,2,4,True,,
GUIVEL COALS S.A.,7,6,4,False,,
GUIVEL COALS S.A.,7,2,8,False,,
GUIVEL COALS S.A.,7,6,8,True,,
GUIVEL COALS S.A.,7,2,19,False,,
GUIVEL COALS S.A.,7,6,19,False,,
GUIVEL COALS S.A.,7,2,10,False,,
GUIVEL COALS S.A.,7,6,10,True,,
DF MARKET S.A.,13,0,2,True,,
DF MARKET S.A.,13,5,2,False,,
DF MARKET S.A.,13,0,7,False,,
DF MARKET S.A.,13,5,7,True,,
OPTIMUS LOGISTICS S.A.,0,131,123,False,,
OPTIMUS LOGISTICS S.A.,0,144,123,True,,
OPTIMUS LOGISTICS S.A.,0,164,123,False,,
OPTIMUS LOGISTICS S.A.,0,131,125,False,,
OPTIMUS LOGISTICS S.A.,0,144,125,False,,
OPTIMUS LOGISTICS S.A.,0,164,125,False,,
OPTIMUS LOGISTICS S.A.,0,131,151,False,,
OPTIMUS LOGISTICS S.A.,0,144,151,False,,
OPTIMUS LOGISTICS S.A.,0,164,151,False,,
OPTIMUS LOGISTICS S.A.,0,131,166,False,,
OPTIMUS LOGISTICS S.A.,0,144,166,False,,
OPTIMUS LOGISTICS S.A.,0,164,166,True,,
OPTIMUS LOGISTICS S.A.,0,131,170,True,,
OPTIMUS LOGISTICS S.A.,0,144,170,False,,
OPTIMUS LOGISTICS S.A.,0,164,170,False,,
OPTIMUS LOGISTICS S.A.,0,144,174,True,,
OPTIMUS LOGISTICS S.A.,0,164,174,False,,
OPTIMUS LOGISTICS S.A.,0,131,174,False,,
POPUS S.A.,10,0,2,True,,
POPUS S.A.,10,4,2,False,,
POPUS S.A.,10,0,6,False,,
POPUS S.A.,10,4,6,True,,
NORTE ALEM S.A.,13,25,23,False,,
NORTE ALEM S.A.,13,21,23,True,,
NORTE ALEM S.A.,13,21,27,False,,
NORTE ALEM S.A.,13,25,27,True,,
NORTE ALEM S.A.,13,21,29,False,,
NORTE ALEM S.A.,13,25,29,True,,
NORTE ALEM S.A.,13,21,31,False,,
NORTE ALEM S.A.,13,25,31,True,,
AGAMES PARTS S.A.,23,2,0,True,,
UNION APP S.A.,6,0,2,True,,
NBM FACTORING S.A.,9,2,4,True,,
NBM FACTORING S.A.,9,6,4,False,,
NBM FACTORING S.A.,9,2,8,False,,
NBM FACTORING S.A.,9,6,8,True,,
SERVICIOS Y DEPORTES S.A.,13,0,2,True,,
SERVICIOS Y DEPORTES S.A.,13,4,2,False,,
SERVICIOS Y DEPORTES S.A.,13,8,2,False,,
SERVICIOS Y DEPORTES S.A.,13,12,2,False,,
SERVICIOS Y DEPORTES S.A.,13,0,6,False,,
SERVICIOS Y DEPORTES S.A.,13,4,6,True,,
SERVICIOS Y DEPORTES S.A.,13,8,6,False,,
SERVICIOS Y DEPORTES S.A.,13,12,6,False,,
SERVICIOS Y DEPORTES S.A.,13,0,10,False,,
SERVICIOS Y DEPORTES S.A.,13,4,10,False,,
SERVICIOS Y DEPORTES S.A.,13,8,10,True,,
SERVICIOS Y DEPORTES S.A.,13,12,10,False,,
SERVICIOS Y DEPORTES S.A.,13,0,14,False,,
SERVICIOS Y DEPORTES S.A.,13,4,14,False,,
SERVICIOS Y DEPORTES S.A.,13,8,14,False,,
SERVICIOS Y DEPORTES S.A.,13,12,14,True,,
PROCLIMA S.A.,5,44,46,True,,
PROCLIMA S.A.,5,48,46,False,,
PROCLIMA S.A.,5,44,50,False,,
PROCLIMA S.A.,5,48,50,True,,
PROCLIMA S.A.,5,44,52,False,,
PROCLIMA S.A.,5,48,52,True,,
MAR ENERGIA S.A.,2,0,4,True,,
MAR ENERGIA S.A.,2,2,4,True,,
MAR ENERGIA S.A.,2,6,4,False,,
MAR ENERGIA S.A.,2,0,8,False,,
MAR ENERGIA S.A.,2,2,8,False,,
MAR ENERGIA S.A.,2,6,8,True,,
RINCON DEL SALAR SOLAR S.A.,8,4,6,True,,
RINCON DEL SALAR SOLAR S.A.,8,8,6,False,,
RINCON DEL SALAR SOLAR S.A.,8,10,6,False,,
RINCON DEL SALAR SOLAR S.A.,8,14,6,False,,
RINCON DEL SALAR SOLAR S.A.,8,4,12,False,,
RINCON DEL SALAR SOLAR S.A.,8,8,12,True,,
RINCON DEL SALAR SOLAR S.A.,8,10,12,True,,
RINCON DEL SALAR SOLAR S.A.,8,14,12,False,,
RINCON DEL SALAR SOLAR S.A.,8,4,16,False,,
RINCON DEL SALAR SOLAR S.A.,8,8,16,False,,
RINCON DEL SALAR SOLAR S.A.,8,10,16,False,,
RINCON DEL SALAR SOLAR S.A.,8,14,16,True,,
ABRI TU TIENDA S.A.,13,0,2,True,,
CONSTRUCTORA JAH S.A.,17,2,4,True,,
CONSTRUCTORA JAH S.A.,17,6,4,False,,
CONSTRUCTORA JAH S.A.,17,2,8,False,,
CONSTRUCTORA JAH S.A.,17,6,8,True,,
MAFFEI PUBLICIDAD S.A.,7,2,4,True,,
MAFFEI PUBLICIDAD S.A.,7,5,4,False,,
MAFFEI PUBLICIDAD S.A.,7,2,7,False,,
MAFFEI PUBLICIDAD S.A.,7,5,7,True,,
DIAGONAL CAPITAL S.A.,9,77,87,True,,
DIAGONAL CAPITAL S.A.,9,90,87,False,,
DIAGONAL CAPITAL S.A.,9,77,92,False,,
DIAGONAL CAPITAL S.A.,9,90,92,True,,
AGROTORIBIA S.A.,18,2,4,True,,
AGROTORIBIA S.A.,18,6,4,False,,
AGROTORIBIA S.A.,18,10,4,False,,
AGROTORIBIA S.A.,18,2,8,False,,
AGROTORIBIA S.A.,18,6,8,True,,
AGROTORIBIA S.A.,18,10,8,False,,
AGROTORIBIA S.A.,18,2,12,False,,
AGROTORIBIA S.A.,18,6,12,False,,
AGROTORIBIA S.A.,18,10,12,True,,
MUIMENTA S.A.,9,0,2,True,,
2874 S.A.,6,2,4,True,,
2874 S.A.,6,6,4,False,,
2874 S.A.,6,12,4,False,,
2874 S.A.,6,2,8,False,,
2874 S.A.,6,6,8,True,,
2874 S.A.,6,12,8,False,,
2874 S.A.,6,2,14,False,,
2874 S.A.,6,6,14,False,,
2874 S.A.,6,12,14,True,,
TIABRUSTE S.A.,9,0,2,True,,
DUCH S.A.,17,0,2,True,,
DUCH S.A.,17,4,2,False,,
DUCH S.A.,17,0,6,False,,
DUCH S.A.,17,4,6,True,,
COMPAÑIA GASTRONOMICA SUDAMERICANA S.A.,11,4,2,False,,
COMPAÑIA GASTRONOMICA SUDAMERICANA S.A.,11,8,2,False,,
COMPAÑIA GASTRONOMICA SUDAMERICANA S.A.,11,4,6,True,,
COMPAÑIA GASTRONOMICA SUDAMERICANA S.A.,11,8,6,False,,
COMPAÑIA GASTRONOMICA SUDAMERICANA S.A.,11,4,10,False,,
COMPAÑIA GASTRONOMICA SUDAMERICANA S.A.,11,8,10,True,,
CENTRO DE CAPACITACION DE CARGAS PELIGROSAS Y TRANSPORTE S.A.,13,7,9,True,,
LEZ S.A.,5,7,9,True,,
LEZ S.A.,5,11,9,False,,
LEZ S.A.,5,7,13,False,,
LEZ S.A.,5,11,13,True,,
AIRES DEL ESTE S.A.,11,0,2,True,,
AIRES DEL ESTE S.A.,11,4,2,False,,
AIRES DEL ESTE S.A.,11,0,6,False,,
AIRES DEL ESTE S.A.,11,4,6,True,,
KM GROUP S.A.,5,6,9,True,,
KM GROUP S.A.,5,12,9,False,,
KM GROUP S.A.,5,6,14,False,,
KM GROUP S.A.,5,12,14,True,,
CENTORBI S.A.,8,2,4,True,,
CENTORBI S.A.,8,6,4,False,,
CENTORBI S.A.,8,2,8,False,,
CENTORBI S.A.,8,6,8,True,,
CAFAYATE SOLAR S.A.,9,0,2,True,,
ALTOS VUELOS BUENOS AIRES S.A.,18,0,2,True,,
COLOMBES S.A.,7,9,12,True,,
COLOMBES S.A.,7,13,12,False,,
COLOMBES S.A.,7,9,15,False,,
COLOMBES S.A.,7,13,15,True,,
EDIFICIO SOLAR AVELLANEDA S.A.,8,0,2,True,,
EDIFICIO SOLAR AVELLANEDA S.A.,8,4,2,False,,
EDIFICIO SOLAR AVELLANEDA S.A.,8,0,6,False,,
EDIFICIO SOLAR AVELLANEDA S.A.,8,4,6,True,,
ELECTRO SUR DISTRIBUIDORA S.A.,20,0,2,True,,
ELECTRO SUR DISTRIBUIDORA S.A.,20,4,2,False,,
ELECTRO SUR DISTRIBUIDORA S.A.,20,0,6,False,,
ELECTRO SUR DISTRIBUIDORA S.A.,20,4,6,True,,
SOLAR ENERGY ULLUM N1 S.A.,6,6,7,True,,
SOLAR ENERGY ULLUM N1 S.A.,6,9,7,False,,
SOLAR ENERGY ULLUM N1 S.A.,6,6,10,False,,
SOLAR ENERGY ULLUM N1 S.A.,6,9,10,True,,
SOLAR ENERGY ULLUM N1 S.A.,6,6,11,False,,
SOLAR ENERGY ULLUM N1 S.A.,6,9,11,True,,
ALEGRA HOME S.A.,4,1,5,True,,
LIESTAL S.A.,0,89,2,True,,
LIESTAL S.A.,0,91,2,False,,
LIESTAL S.A.,0,89,10,False,,
LIESTAL S.A.,0,91,10,True,,
MATIENZO 2663 S.A.,5,0,2,True,,
MATIENZO 2663 S.A.,5,4,2,False,,
MATIENZO 2663 S.A.,5,0,6,False,,
MATIENZO 2663 S.A.,5,4,6,True,,
NEICO EMPRENDIMIENTOS S.A.,14,4,6,True,,
NEICO EMPRENDIMIENTOS S.A.,14,8,6,False,,
NEICO EMPRENDIMIENTOS S.A.,14,4,10,False,,
NEICO EMPRENDIMIENTOS S.A.,14,8,10,True,,
RAMALES DE SANTANDER S.A.,9,0,2,True,,
RAMALES DE SANTANDER S.A.,9,4,2,False,,
RAMALES DE SANTANDER S.A.,9,0,6,False,,
RAMALES DE SANTANDER S.A.,9,4,6,True,,
PRODUCTO SUSTENTABLE S.A.,13,0,2,True,,
PRODUCTO SUSTENTABLE S.A.,13,4,2,False,,
PRODUCTO SUSTENTABLE S.A.,13,0,6,False,,
PRODUCTO SUSTENTABLE S.A.,13,4,6,True,,
FAC DESIGN GROUP S.A.,3,6,7,True,,
FAC DESIGN GROUP S.A.,3,10,7,False,,
FAC DESIGN GROUP S.A.,3,6,11,False,,
FAC DESIGN GROUP S.A.,3,10,11,True,,
CIELO EXPRESS S.A.,8,0,2,True,,
CIELO EXPRESS S.A.,8,4,2,False,,
CIELO EXPRESS S.A.,8,0,6,False,,
CIELO EXPRESS S.A.,8,4,6,True,,
KILLARI S.A.,21,0,2,True,,
AVALOS DOS S.A.,17,0,2,True,,
ESTUDIO AR Y ASOCIADOS S.A.,10,58,60,True,,
ESTUDIO AR Y ASOCIADOS S.A.,10,62,60,False,,
ESTUDIO AR Y ASOCIADOS S.A.,10,67,60,False,,
ESTUDIO AR Y ASOCIADOS S.A.,10,58,64,False,,
ESTUDIO AR Y ASOCIADOS S.A.,10,62,64,True,,
ESTUDIO AR Y ASOCIADOS S.A.,10,67,64,False,,
ESTUDIO AR Y ASOCIADOS S.A.,10,58,69,False,,
ESTUDIO AR Y ASOCIADOS S.A.,10,62,69,False,,
ESTUDIO AR Y ASOCIADOS S.A.,10,67,69,True,,
ANGUS DON HORACIO S.A.,7,0,2,True,,
ANGUS DON HORACIO S.A.,7,4,2,False,,
ANGUS DON HORACIO S.A.,7,0,6,False,,
ANGUS DON HORACIO S.A.,7,4,6,True,,
ANGUS DON HORACIO S.A.,7,0,13,False,,
ANGUS DON HORACIO S.A.,7,4,13,False,,
GRUPO PAISA S.A.,0,6,5,True,,
GRUPO PAISA S.A.,0,15,5,False,,
GRUPO PAISA S.A.,0,6,4,False,,
GRUPO PAISA S.A.,0,15,4,True,,
ARENALES 3002 S.A.,12,0,2,True,,
ARENALES 3002 S.A.,12,3,2,False,,
ARENALES 3002 S.A.,12,0,5,False,,
ARENALES 3002 S.A.,12,3,5,True,,
COMPAÑIA COMERCIAL DEL PLATA S.A.,12,2,4,True,,
COMPAÑIA COMERCIAL DEL PLATA S.A.,12,6,4,False,,
COMPAÑIA COMERCIAL DEL PLATA S.A.,12,2,8,False,,
COMPAÑIA COMERCIAL DEL PLATA S.A.,12,6,8,True,,
BRUBAKER S.A.,8,4,5,True,,
BRUBAKER S.A.,8,7,5,False,,
BRUBAKER S.A.,8,4,8,False,,
BRUBAKER S.A.,8,7,8,True,,
LANCY S.A.,0,94,2,True,,
LANCY S.A.,0,96,2,False,,
LANCY S.A.,0,94,10,False,,
LANCY S.A.,0,96,10,True,,
LANCY S.A.,0,94,95,True,,
LANCY S.A.,0,96,95,False,,
LANCY S.A.,0,94,97,False,,
LANCY S.A.,0,96,97,True,,
LANCY S.A.,0,94,109,False,,
LANCY S.A.,0,96,109,False,,
IMPORTADORA DEL SUR TDB S.A.,18,0,2,True,,
IMPORTADORA DEL SUR TDB S.A.,18,4,2,False,,
IMPORTADORA DEL SUR TDB S.A.,18,0,6,False,,
IMPORTADORA DEL SUR TDB S.A.,18,4,6,True,,
RUHALA S.A.,14,7,6,False,,
RUHALA S.A.,14,10,6,False,,
PRIMERA LUNA S.A.,14,4,6,True,,
PRIMERA LUNA S.A.,14,8,6,False,,
PRIMERA LUNA S.A.,14,4,10,False,,
PRIMERA LUNA S.A.,14,8,10,True,,
RENERGY ARGENTINA S.A.,19,4,6,True,,
RENERGY ARGENTINA S.A.,19,13,6,False,,
RENERGY ARGENTINA S.A.,19,4,8,True,,
RENERGY ARGENTINA S.A.,19,13,8,False,,
RENERGY ARGENTINA S.A.,19,4,10,True,,
RENERGY ARGENTINA S.A.,19,13,10,False,,
RENERGY ARGENTINA S.A.,19,4,15,True,,
RENERGY ARGENTINA S.A.,19,13,15,False,,
RENERGY ARGENTINA S.A.,19,4,17,True,,
RENERGY ARGENTINA S.A.,19,13,17,False,,
RENERGY ARGENTINA S.A.,19,4,19,True,,
RENERGY ARGENTINA S.A.,19,13,19,False,,
IRTISH TRADING S.A.,9,0,1,True,,
IRTISH TRADING S.A.,9,4,1,False,,
IRTISH TRADING S.A.,9,0,5,False,,
IRTISH TRADING S.A.,9,4,5,True,,
TE LIMPIO S.A.,2,2,14,False,,
TE LIMPIO S.A.,2,2,20,False,,
SOHCUM S.A.,10,2,4,True,,
SOHCUM S.A.,10,6,4,False,,
SOHCUM S.A.,10,2,8,False,,
SOHCUM S.A.,10,6,8,True,,
DIVICK S.A.,8,54,56,True,,
DIVICK S.A.,8,58,56,False,,
DIVICK S.A.,8,54,60,False,,
DIVICK S.A.,8,58,60,True,,
ROULINCO FIDUCIARIA S.A.,11,0,2,True,,
OPPEN S.A.,11,0,2,True,,
OPPEN S.A.,11,3,2,False,,
OPPEN S.A.,11,0,5,False,,
OPPEN S.A.,11,3,5,True,,
DISVOL RENOVABLES S.A.U.,7,6,10,False,,
DISVOL RENOVABLES S.A.U.,7,8,10,True,,
DISVOL RENOVABLES S.A.U.,7,23,10,False,,
DISVOL RENOVABLES S.A.U.,7,6,15,True,,
DISVOL RENOVABLES S.A.U.,7,8,15,False,,
DISVOL RENOVABLES S.A.U.,7,23,15,False,,
DISVOL RENOVABLES S.A.U.,7,6,20,True,,
DISVOL RENOVABLES S.A.U.,7,8,20,False,,
DISVOL RENOVABLES S.A.U.,7,23,20,False,,
DISVOL RENOVABLES S.A.U.,7,6,25,False,,
DISVOL RENOVABLES S.A.U.,7,8,25,False,,
DISVOL RENOVABLES S.A.U.,7,23,25,True,,
DISVOL RENOVABLES S.A.U.,7,6,27,False,,
DISVOL RENOVABLES S.A.U.,7,8,27,False,,
DISVOL RENOVABLES S.A.U.,7,23,27,True,,
ASCI S.A.,10,0,2,True,,
ASCI S.A.,10,0,4,True,,
ELDELITE S.A.,7,8,10,True,,
ELDELITE S.A.,7,12,10,False,,
ELDELITE S.A.,7,8,14,False,,
ELDELITE S.A.,7,12,14,True,,
GANE Y SUBE S.A.,11,0,2,True,,
GANE Y SUBE S.A.,11,4,2,False,,
GANE Y SUBE S.A.,11,0,6,False,,
GANE Y SUBE S.A.,11,4,6,True,,
OPERADORA ALMIRANTE BROWN S.A.,11,56,66,True,,
OPERADORA ALMIRANTE BROWN S.A.,11,58,66,False,,
OPERADORA ALMIRANTE BROWN S.A.,11,64,66,True,,
OPERADORA ALMIRANTE BROWN S.A.,11,56,71,False,,
OPERADORA ALMIRANTE BROWN S.A.,11,58,71,True,,
OPERADORA ALMIRANTE BROWN S.A.,11,64,71,False,,
DUPATEX S.A.,13,2,4,True,,
DUPATEX S.A.,13,6,4,False,,
DUPATEX S.A.,13,2,8,False,,
DUPATEX S.A.,13,6,8,True,,
IMAGO ENDOVASCULAR S.A.,14,34,40,True,,
IMAGO ENDOVASCULAR S.A.,14,42,40,False,,
IMAGO ENDOVASCULAR S.A.,14,34,43,False,,
IMAGO ENDOVASCULAR S.A.,14,42,43,True,,
OPTICAL EXPERIENCE S.A.,25,0,2,True,,
OPTICAL EXPERIENCE S.A.,25,4,2,False,,
OPTICAL EXPERIENCE S.A.,25,0,6,False,,
OPTICAL EXPERIENCE S.A.,25,4,6,True,,
LA HONORIA S.A.,9,0,2,True,,
LA HONORIA S.A.,9,4,2,False,,
LA HONORIA S.A.,9,10,2,False,,
LA HONORIA S.A.,9,0,6,False,,
LA HONORIA S.A.,9,4,6,True,,
LA HONORIA S.A.,9,10,6,False,,
LA HONORIA S.A.,9,0,8,False,,
LA HONORIA S.A.,9,4,8,True,,
LA HONORIA S.A.,9,10,8,False,,
LA HONORIA S.A.,9,0,12,False,,
LA HONORIA S.A.,9,4,12,False,,
LA HONORIA S.A.,9,10,12,True,,
TRANSPORTE Y SERVICIO BONELLI S.A.,1,2,0,True,,
TRANSPORTE Y SERVICIO BONELLI S.A.,1,20,0,False,,
TRANSPORTE Y SERVICIO BONELLI S.A.,1,2,19,False,,
TRANSPORTE Y SERVICIO BONELLI S.A.,1,20,19,True,,
MARNONO S.A.,9,5,8,True,,
MARNONO S.A.,9,10,8,False,,
MARNONO S.A.,9,5,12,False,,
MARNONO S.A.,9,10,12,True,,
JOTA & CO. S.A.,2,4,6,True,,
JOTA & CO. S.A.,2,9,6,False,,
JOTA & CO. S.A.,2,4,11,False,,
JOTA & CO. S.A.,2,9,11,True,,
GOMPRO S.A.,7,66,68,True,,
GOMPRO S.A.,7,70,68,False,,
GOMPRO S.A.,7,66,72,False,,
GOMPRO S.A.,7,70,72,True,,
JUGOS DEL VALLE S.A.,13,5,7,True,,
JUGOS DEL VALLE S.A.,13,9,7,False,,
JUGOS DEL VALLE S.A.,13,14,7,False,,
JUGOS DEL VALLE S.A.,13,5,11,False,,
JUGOS DEL VALLE S.A.,13,9,11,True,,
JUGOS DEL VALLE S.A.,13,14,11,False,,
JUGOS DEL VALLE S.A.,13,5,16,False,,
JUGOS DEL VALLE S.A.,13,9,16,False,,
JUGOS DEL VALLE S.A.,13,14,16,True,,
WEEKEND PARTY S.A.,17,2,4,True,,
WEEKEND PARTY S.A.,17,6,4,False,,
WEEKEND PARTY S.A.,17,2,8,False,,
WEEKEND PARTY S.A.,17,6,8,True,,
TRANSPORTE EL DIABLO S.A.,14,2,4,True,,
TRANSPORTE EL DIABLO S.A.,14,6,4,False,,
TRANSPORTE EL DIABLO S.A.,14,2,8,False,,
TRANSPORTE EL DIABLO S.A.,14,6,8,True,,
IMPORTACIONES DEL PLATA S.A.,15,0,2,True,,
B.E.X BROKER DE PRODUCTORES ASESORES DE SEGUROS S.A.,17,0,1,True,,
B.E.X BROKER DE PRODUCTORES ASESORES DE SEGUROS S.A.,17,3,1,False,,
B.E.X BROKER DE PRODUCTORES ASESORES DE SEGUROS S.A.,17,0,4,False,,
B.E.X BROKER DE PRODUCTORES ASESORES DE SEGUROS S.A.,17,3,4,True,,
LOGISTICA BELGRANO S.A.,39,0,2,True,,
G3 C&S S.A.,7,0,2,True,,
G3 C&S S.A.,7,4,2,False,,
G3 C&S S.A.,7,0,6,False,,
G3 C&S S.A.,7,4,6,True,,
AV. SANTA FE 4002 S.A.,9,0,2,True,,
AV. SANTA FE 4002 S.A.,9,4,2,False,,
AV. SANTA FE 4002 S.A.,9,0,6,False,,
AV. SANTA FE 4002 S.A.,9,4,6,True,,
LIGHT BLUE S.A.,17,0,2,True,,
BELADO S.A.,5,0,2,True,,
CONNECTORS S.A.,2,0,2,True,,
CONNECTORS S.A.,2,3,2,False,,
CONNECTORS S.A.,2,0,5,False,,
CONNECTORS S.A.,2,3,5,True,,
SUDMERIDIA S.A.,10,2,4,True,,
SUDMERIDIA S.A.,10,6,4,False,,
SUDMERIDIA S.A.,10,2,8,False,,
SUDMERIDIA S.A.,10,6,8,True,,
QUINEL S.A.,11,0,2,True,,
KUSTER FINANCE CORP S.A.,5,11,12,True,,
KUSTER FINANCE CORP S.A.,5,34,12,False,,
KUSTER FINANCE CORP S.A.,5,11,35,False,,
KUSTER FINANCE CORP S.A.,5,34,35,True,,
TERCER OJO S.A.,8,0,2,True,,
VIENTOS BAJO HONDO I S.A.,12,0,2,True,,
DADIE S.A.,8,8,10,True,,
DADIE S.A.,8,12,10,False,,
DADIE S.A.,8,8,14,False,,
DADIE S.A.,8,12,14,True,,
SYBAC SOLAR IV S.A.,18,4,8,True
SYBAC SOLAR IV S.A.,18,6,8,True
SYBAC SOLAR IV S.A.,18,10,8,False
SYBAC SOLAR IV S.A.,18,4,12,False
SYBAC SOLAR IV S.A.,18,6,12,False
SYBAC SOLAR IV S.A.,18,10,12,True
GRUPO PAISA S.A.,0,6,5,True
GRUPO PAISA S.A.,0,15,5,False
GRUPO PAISA S.A.,0,6,4,False
GRUPO PAISA S.A.,0,15,4,True
ASW S.A.,9,1,0,True
ASW S.A.,9,4,0,False
ASW S.A.,9,1,3,False
ASW S.A.,9,4,3,True
CUATRITO S.A.,1,13,15,True
GRAFICA TXT S.A.,0,8,5,True
GRAFICA TXT S.A.,0,19,5,False
GRAFICA TXT S.A.,0,8,16,False
GRAFICA TXT S.A.,0,19,16,True
JONAGUS S.A.,0,7,4,True
JONAGUS S.A.,0,19,4,False
JONAGUS S.A.,0,7,16,False
JONAGUS S.A.,0,19,16,True
ASTA BRICA S.A.,0,8,5,True
ASTA BRICA S.A.,0,26,5,False
ASTA BRICA S.A.,0,8,23,False
ASTA BRICA S.A.,0,26,23,True
ASTA BRICA S.A.,0,8,40,False
ASTA BRICA S.A.,0,26,40,False
YSUR INVERSORA S.A.U.,8,0,2,True
YSUR INVERSORA S.A.U.,8,4,2,True
YSUR INVERSORA S.A.U.,8,7,2,False
YSUR INVERSORA S.A.U.,8,0,7,True
YSUR INVERSORA S.A.U.,8,4,7,False
YSUR INVERSORA S.A.U.,8,7,7,False
YSUR INVERSORA S.A.U.,8,0,9,True
YSUR INVERSORA S.A.U.,8,4,9,False
YSUR INVERSORA S.A.U.,8,7,9,False
YSUR INVERSORA S.A.U.,8,0,13,False
YSUR INVERSORA S.A.U.,8,4,13,False
YSUR INVERSORA S.A.U.,8,7,13,True
YSUR INVERSORA S.A.U.,8,0,15,False
YSUR INVERSORA S.A.U.,8,4,15,False
YSUR INVERSORA S.A.U.,8,7,15,True
YSUR INVERSORA S.A.U.,8,0,17,False
YSUR INVERSORA S.A.U.,8,4,17,False
YSUR INVERSORA S.A.U.,8,7,17,True
CATEMIDA S.A.,0,7,4,True
CATEMIDA S.A.,0,18,4,False
CATEMIDA S.A.,0,7,15,False
CATEMIDA S.A.,0,18,15,True
IBANI BIENES RAICES S.A.,0,10,9,True
IBANI BIENES RAICES S.A.,0,21,9,False
IBANI BIENES RAICES S.A.,0,39,9,False
IBANI BIENES RAICES S.A.,0,10,19,False
IBANI BIENES RAICES S.A.,0,21,19,True
IBANI BIENES RAICES S.A.,0,39,19,False
GRAFICA TXT S.A.,0,8,5,True
GRAFICA TXT S.A.,0,19,5,False
GRAFICA TXT S.A.,0,8,16,False
GRAFICA TXT S.A.,0,19,16,True
CASTAPAM S.A.,6,5,3,True
CASTAPAM S.A.,6,7,3,True
CASTAPAM S.A.,6,13,3,False
CASTAPAM S.A.,6,15,3,False
CASTAPAM S.A.,6,21,3,False
CASTAPAM S.A.,6,5,11,False
CASTAPAM S.A.,6,7,11,False
CASTAPAM S.A.,6,13,11,True
CASTAPAM S.A.,6,15,11,True
CASTAPAM S.A.,6,21,11,False
CASTAPAM S.A.,6,5,19,False
CASTAPAM S.A.,6,7,19,False
CASTAPAM S.A.,6,13,19,False
CASTAPAM S.A.,6,15,19,False
CASTAPAM S.A.,6,21,19,True